{
    "audio": {
      "start": {
        "url": "https://static.mused.org/sounds/bassdrum_64k.mp3",
        "audio": null,
        "options": {
          "loop": false,
          "volume": 0.1,
          "autoplay": false
        }
      },
      "default": {
        "url": "https://static.mused.org/sounds/default_oud_96k.mp3",
        "audio": null,
        "options": {
          "loop": true,
          "volume": 0.1,
          "autoplay": false
        }
      },
      "navigate": {
        "url": "https://static.mused.org/sounds/bassdrum_64k.mp3",
        "audio": null,
        "options": {
          "loop": false,
          "volume": 0.1,
          "autoplay": false
        }
      }
    },
    "spaces": [
      {
        "id": "2",
        "url": "",
        "type": "spaces",
        "title": "The Tomb of Nefertari, Valley of the Queens",
        "tourpoints": [
          {
            "pan": "left",
            "text": "Welcome to the tomb of Nefertari, Queen of the Pharaoh Ramesses II in the New Kingdom of ancient Egypt.",
            "zoom": 0,
            "files": [],
            "models": [],
            "sounds": [
              "default"
            ],
            "nodeUUID": "IMG_20231104_065739_00_094",
            "rotation": {
              "polar": -2,
              "azimuth": 46
            },
            "viewMode": "FPV",
            "thumbnail": "",
            "targetType": "NODE",
            "annotations": [],
            "textPosition": "center",
            "secondaryText": null
          },
          {
            "pan": "left",
            "text": "The tomb is famous for its vibrant and intensely beautiful wall paintings, which tell the story of Nefertari's journey to the afterlife to meet the god Osiris.",
            "zoom": 20,
            "files": [],
            "models": [],
            "sounds": [
              "default"
            ],
            "nodeUUID": "IMG_20231101_075826_00_506",
            "rotation": {
              "polar": 2.4,
              "azimuth": 28
            },
            "viewMode": "FPV",
            "thumbnail": "",
            "targetType": "NODE",
            "annotations": [],
            "textPosition": "left",
            "secondaryText": null
          },
          {
            "pan": "left",
            "text": "In the entrance, in vibrant reds, oranges, and blues, Nefertari makes offerings to the gods. The ancient Egyptians believed these offerings would help her spirit in the afterlife.",
            "zoom": 20,
            "files": [],
            "models": [],
            "sounds": [
              "default"
            ],
            "nodeUUID": "IMG_20231101_075752_00_503",
            "rotation": {
              "polar": -4.2,
              "azimuth": -14
            },
            "viewMode": "FPV",
            "thumbnail": "",
            "targetType": "NODE",
            "annotations": [],
            "textPosition": "left",
            "secondaryText": null
          }
        ]
      }
    ],
    "autoplay": false,
    "nextTour": "random",
    "sceneGraph": [
      {
        "id": "qau_beadnet_dress",
        "file": "https://static.mused.org/beadnet_dress3.glb",
        "type": "model",
        "scale": [
          1,
          1,
          1
        ],
        "fileType": "glb",
        "isSketch": false,
        "position": [
          0,
          0,
          0
        ],
        "rotation": [
          0,
          0,
          0
        ]
      },
      {
        "id": "nefertari_example_jewelry",
        "file": "https://static.mused.org/nefertari_example_jewelry4.glb",
        "type": "model",
        "scale": [
          1,
          1,
          1
        ],
        "fileType": "glb",
        "isSketch": false,
        "position": [
          0,
          0,
          0
        ],
        "rotation": [
          0,
          0,
          0
        ]
      },
      {
        "id": "tubular_wig_ornaments",
        "file": "https://static.mused.org/tubular_wig_ornaments2.glb",
        "type": "model",
        "scale": [
          1,
          1,
          1
        ],
        "fileType": "glb",
        "isSketch": false,
        "position": [
          0,
          0,
          0
        ],
        "rotation": [
          0,
          0,
          0
        ]
      },
      {
        "id": "coffin_thuya",
        "file": "https://static.mused.org/coffin_thuya3.glb",
        "type": "model",
        "scale": [
          1,
          1,
          1
        ],
        "fileType": "glb",
        "isSketch": false,
        "position": [
          0,
          0,
          0
        ],
        "rotation": [
          0,
          0,
          0
        ]
      },
      {
        "id": "mummy_board",
        "file": "https://static.mused.org/mummy_board4.glb",
        "type": "model",
        "scale": [
          1,
          1,
          1
        ],
        "fileType": "glb",
        "isSketch": false,
        "position": [
          0,
          0,
          0
        ],
        "rotation": [
          0,
          0,
          0
        ]
      },
      {
        "id": "grave_goods_torino",
        "file": "https://static.mused.org/grave_goods_turin.glb",
        "type": "model",
        "scale": [
          1,
          1,
          1
        ],
        "fileType": "glb",
        "isSketch": false,
        "position": [
          0,
          0,
          0
        ],
        "rotation": [
          0,
          0,
          0
        ]
      },
      {
        "id": "book_dead_aener",
        "file": "https://static.mused.org/book_dead_aener3.glb",
        "type": "model",
        "scale": [
          1,
          1,
          1
        ],
        "fileType": "glb",
        "isSketch": false,
        "position": [
          0,
          0,
          0
        ],
        "rotation": [
          0,
          0,
          0
        ]
      },
      {
        "id": "canopic_jars_tutankhamun",
        "file": "https://static.mused.org/canopic_jars_tutankhamun5.glb",
        "type": "model",
        "scale": [
          1,
          1,
          1
        ],
        "fileType": "glb",
        "isSketch": false,
        "position": [
          0,
          0,
          0
        ],
        "rotation": [
          0,
          0,
          0
        ]
      }
    ],
    "annotationGraph": [],
    "defaultShowText": true
  }